game,algorithm,seed,threshold,converged,episodes,restarts
IPD,REINFORCE,0,2.5,False,1000,0
IPD,REINFORCE,1,2.5,False,1000,0
IPD,REINFORCE,2,2.5,False,1000,0
IPD,REINFORCE,3,2.5,False,1000,0
IPD,REINFORCE,4,2.5,False,1000,0
IPD,REINFORCE,5,2.5,False,1000,0
IPD,REINFORCE,6,2.5,False,1000,0
IPD,REINFORCE,7,2.5,False,1000,0
IPD,REINFORCE,8,2.5,False,1000,0
IPD,REINFORCE,9,2.5,False,1000,0
IPD,REINFORCE,10,2.5,False,1000,0
IPD,REINFORCE,11,2.5,False,1000,0
IPD,REINFORCE,12,2.5,False,1000,0
IPD,REINFORCE,13,2.5,False,1000,0
IPD,REINFORCE,14,2.5,False,1000,0
IPD,REINFORCE,15,2.5,False,1000,0
IPD,REINFORCE,16,2.5,False,1000,0
IPD,REINFORCE,17,2.5,False,1000,0
IPD,REINFORCE,18,2.5,False,1000,0
IPD,REINFORCE,19,2.5,False,1000,0
IPD,REINFORCE,20,2.5,False,1000,0
IPD,REINFORCE,21,2.5,False,1000,0
IPD,REINFORCE,22,2.5,False,1000,0
IPD,REINFORCE,23,2.5,False,1000,0
IPD,REINFORCE,24,2.5,False,1000,0
IPD,REINFORCE,25,2.5,False,1000,0
IPD,REINFORCE,26,2.5,False,1000,0
IPD,REINFORCE,27,2.5,False,1000,0
IPD,REINFORCE,28,2.5,False,1000,0
IPD,REINFORCE,29,2.5,False,1000,0
IPD,REINFORCE,30,2.5,False,1000,0
IPD,REINFORCE,31,2.5,False,1000,0
IPD,REINFORCE,32,2.5,False,1000,0
IPD,REINFORCE,33,2.5,False,1000,0
IPD,REINFORCE,34,2.5,False,1000,0
IPD,REINFORCE,35,2.5,False,1000,0
IPD,REINFORCE,36,2.5,False,1000,0
IPD,REINFORCE,37,2.5,False,1000,0
IPD,REINFORCE,38,2.5,False,1000,0
IPD,REINFORCE,39,2.5,False,1000,0
IPD,REINFORCE,40,2.5,False,1000,0
IPD,REINFORCE,41,2.5,False,1000,0
IPD,REINFORCE,42,2.5,False,1000,0
IPD,REINFORCE,43,2.5,False,1000,0
IPD,REINFORCE,44,2.5,False,1000,0
IPD,REINFORCE,45,2.5,False,1000,0
IPD,REINFORCE,46,2.5,False,1000,0
IPD,REINFORCE,47,2.5,False,1000,0
IPD,REINFORCE,48,2.5,False,1000,0
IPD,REINFORCE,49,2.5,False,1000,0
IPD,REINFORCE,50,2.5,False,1000,0
IPD,REINFORCE,51,2.5,False,1000,0
IPD,REINFORCE,52,2.5,False,1000,0
IPD,REINFORCE,53,2.5,False,1000,0
IPD,REINFORCE,54,2.5,False,1000,0
IPD,REINFORCE,55,2.5,False,1000,0
IPD,REINFORCE,56,2.5,False,1000,0
IPD,REINFORCE,57,2.5,False,1000,0
IPD,REINFORCE,58,2.5,False,1000,0
IPD,REINFORCE,59,2.5,False,1000,0
IPD,REINFORCE,60,2.5,False,1000,0
IPD,REINFORCE,61,2.5,False,1000,0
IPD,REINFORCE,62,2.5,False,1000,0
IPD,REINFORCE,63,2.5,False,1000,0
IPD,REINFORCE,64,2.5,False,1000,0
IPD,REINFORCE,65,2.5,False,1000,0
IPD,REINFORCE,66,2.5,False,1000,0
IPD,REINFORCE,67,2.5,False,1000,0
IPD,REINFORCE,68,2.5,False,1000,0
IPD,REINFORCE,69,2.5,False,1000,0
IPD,REINFORCE,70,2.5,False,1000,0
IPD,REINFORCE,71,2.5,False,1000,0
IPD,REINFORCE,72,2.5,False,1000,0
IPD,REINFORCE,73,2.5,False,1000,0
IPD,REINFORCE,74,2.5,False,1000,0
IPD,REINFORCE,75,2.5,False,1000,0
IPD,REINFORCE,76,2.5,False,1000,0
IPD,REINFORCE,77,2.5,False,1000,0
IPD,REINFORCE,78,2.5,False,1000,0
IPD,REINFORCE,79,2.5,False,1000,0
IPD,REINFORCE,80,2.5,False,1000,0
IPD,REINFORCE,81,2.5,False,1000,0
IPD,REINFORCE,82,2.5,False,1000,0
IPD,REINFORCE,83,2.5,False,1000,0
IPD,REINFORCE,84,2.5,False,1000,0
IPD,REINFORCE,85,2.5,False,1000,0
IPD,REINFORCE,86,2.5,False,1000,0
IPD,REINFORCE,87,2.5,False,1000,0
IPD,REINFORCE,88,2.5,False,1000,0
IPD,REINFORCE,89,2.5,False,1000,0
IPD,REINFORCE,90,2.5,False,1000,0
IPD,REINFORCE,91,2.5,False,1000,0
IPD,REINFORCE,92,2.5,False,1000,0
IPD,REINFORCE,93,2.5,False,1000,0
IPD,REINFORCE,94,2.5,False,1000,0
IPD,REINFORCE,95,2.5,False,1000,0
IPD,REINFORCE,96,2.5,False,1000,0
IPD,REINFORCE,97,2.5,False,1000,0
IPD,REINFORCE,98,2.5,False,1000,0
IPD,REINFORCE,99,2.5,False,1000,0
IPD,Meta-MAPG,0,2.5,False,1000,0
IPD,Meta-MAPG,1,2.5,False,1000,0
IPD,Meta-MAPG,2,2.5,False,1000,0
IPD,Meta-MAPG,3,2.5,False,1000,0
IPD,Meta-MAPG,4,2.5,False,1000,0
IPD,Meta-MAPG,5,2.5,False,1000,0
IPD,Meta-MAPG,6,2.5,False,1000,0
IPD,Meta-MAPG,7,2.5,False,1000,0
IPD,Meta-MAPG,8,2.5,False,1000,0
IPD,Meta-MAPG,9,2.5,False,1000,0
IPD,Meta-MAPG,10,2.5,False,1000,0
IPD,Meta-MAPG,11,2.5,False,1000,0
IPD,Meta-MAPG,12,2.5,False,1000,0
IPD,Meta-MAPG,13,2.5,False,1000,0
IPD,Meta-MAPG,14,2.5,False,1000,0
IPD,Meta-MAPG,15,2.5,False,1000,0
IPD,Meta-MAPG,16,2.5,False,1000,0
IPD,Meta-MAPG,17,2.5,False,1000,0
IPD,Meta-MAPG,18,2.5,False,1000,0
IPD,Meta-MAPG,19,2.5,False,1000,0
IPD,Meta-MAPG,20,2.5,False,1000,0
IPD,Meta-MAPG,21,2.5,False,1000,0
IPD,Meta-MAPG,22,2.5,False,1000,0
IPD,Meta-MAPG,23,2.5,False,1000,0
IPD,Meta-MAPG,24,2.5,False,1000,0
IPD,Meta-MAPG,25,2.5,False,1000,0
IPD,Meta-MAPG,26,2.5,False,1000,0
IPD,Meta-MAPG,27,2.5,False,1000,0
IPD,Meta-MAPG,28,2.5,False,1000,0
IPD,Meta-MAPG,29,2.5,False,1000,0
IPD,Meta-MAPG,30,2.5,False,1000,0
IPD,Meta-MAPG,31,2.5,False,1000,0
IPD,Meta-MAPG,32,2.5,False,1000,0
IPD,Meta-MAPG,33,2.5,False,1000,0
IPD,Meta-MAPG,34,2.5,False,1000,0
IPD,Meta-MAPG,35,2.5,False,1000,0
IPD,Meta-MAPG,36,2.5,False,1000,0
IPD,Meta-MAPG,37,2.5,False,1000,0
IPD,Meta-MAPG,38,2.5,False,1000,0
IPD,Meta-MAPG,39,2.5,False,1000,0
IPD,Meta-MAPG,40,2.5,False,1000,0
IPD,Meta-MAPG,41,2.5,False,1000,0
IPD,Meta-MAPG,42,2.5,False,1000,0
IPD,Meta-MAPG,43,2.5,False,1000,0
IPD,Meta-MAPG,44,2.5,False,1000,0
IPD,Meta-MAPG,45,2.5,False,1000,0
IPD,Meta-MAPG,46,2.5,False,1000,0
IPD,Meta-MAPG,47,2.5,False,1000,0
IPD,Meta-MAPG,48,2.5,False,1000,0
IPD,Meta-MAPG,49,2.5,False,1000,0
IPD,Meta-MAPG,50,2.5,False,1000,0
IPD,Meta-MAPG,51,2.5,False,1000,0
IPD,Meta-MAPG,52,2.5,False,1000,0
IPD,Meta-MAPG,53,2.5,False,1000,0
IPD,Meta-MAPG,54,2.5,False,1000,0
IPD,Meta-MAPG,55,2.5,False,1000,0
IPD,Meta-MAPG,56,2.5,False,1000,0
IPD,Meta-MAPG,57,2.5,False,1000,0
IPD,Meta-MAPG,58,2.5,False,1000,0
IPD,Meta-MAPG,59,2.5,False,1000,0
IPD,Meta-MAPG,60,2.5,False,1000,0
IPD,Meta-MAPG,61,2.5,False,1000,0
IPD,Meta-MAPG,62,2.5,False,1000,0
IPD,Meta-MAPG,63,2.5,False,1000,0
IPD,Meta-MAPG,64,2.5,False,1000,0
IPD,Meta-MAPG,65,2.5,False,1000,0
IPD,Meta-MAPG,66,2.5,False,1000,0
IPD,Meta-MAPG,67,2.5,False,1000,0
IPD,Meta-MAPG,68,2.5,False,1000,0
IPD,Meta-MAPG,69,2.5,False,1000,0
IPD,Meta-MAPG,70,2.5,False,1000,0
IPD,Meta-MAPG,71,2.5,False,1000,0
IPD,Meta-MAPG,72,2.5,False,1000,0
IPD,Meta-MAPG,73,2.5,False,1000,0
IPD,Meta-MAPG,74,2.5,False,1000,0
IPD,Meta-MAPG,75,2.5,False,1000,0
IPD,Meta-MAPG,76,2.5,False,1000,0
IPD,Meta-MAPG,77,2.5,False,1000,0
IPD,Meta-MAPG,78,2.5,False,1000,0
IPD,Meta-MAPG,79,2.5,False,1000,0
IPD,Meta-MAPG,80,2.5,False,1000,0
IPD,Meta-MAPG,81,2.5,False,1000,0
IPD,Meta-MAPG,82,2.5,False,1000,0
IPD,Meta-MAPG,83,2.5,False,1000,0
IPD,Meta-MAPG,84,2.5,False,1000,0
IPD,Meta-MAPG,85,2.5,False,1000,0
IPD,Meta-MAPG,86,2.5,False,1000,0
IPD,Meta-MAPG,87,2.5,False,1000,0
IPD,Meta-MAPG,88,2.5,False,1000,0
IPD,Meta-MAPG,89,2.5,False,1000,0
IPD,Meta-MAPG,90,2.5,False,1000,0
IPD,Meta-MAPG,91,2.5,False,1000,0
IPD,Meta-MAPG,92,2.5,False,1000,0
IPD,Meta-MAPG,93,2.5,False,1000,0
IPD,Meta-MAPG,94,2.5,False,1000,0
IPD,Meta-MAPG,95,2.5,False,1000,0
IPD,Meta-MAPG,96,2.5,False,1000,0
IPD,Meta-MAPG,97,2.5,False,1000,0
IPD,Meta-MAPG,98,2.5,False,1000,0
IPD,Meta-MAPG,99,2.5,False,1000,0
IPD,Meta-MAPG+Restarts,0,2.5,False,1000,9
IPD,Meta-MAPG+Restarts,1,2.5,True,255,5
IPD,Meta-MAPG+Restarts,2,2.5,True,318,5
IPD,Meta-MAPG+Restarts,3,2.5,False,1000,16
IPD,Meta-MAPG+Restarts,4,2.5,False,1000,16
IPD,Meta-MAPG+Restarts,5,2.5,False,1000,7
IPD,Meta-MAPG+Restarts,6,2.5,True,228,3
IPD,Meta-MAPG+Restarts,7,2.5,True,306,6
IPD,Meta-MAPG+Restarts,8,2.5,True,268,5
IPD,Meta-MAPG+Restarts,9,2.5,False,1000,8
IPD,Meta-MAPG+Restarts,10,2.5,False,1000,13
IPD,Meta-MAPG+Restarts,11,2.5,False,1000,5
IPD,Meta-MAPG+Restarts,12,2.5,False,1000,7
IPD,Meta-MAPG+Restarts,13,2.5,False,1000,10
IPD,Meta-MAPG+Restarts,14,2.5,False,1000,1
IPD,Meta-MAPG+Restarts,15,2.5,False,1000,15
IPD,Meta-MAPG+Restarts,16,2.5,False,1000,10
IPD,Meta-MAPG+Restarts,17,2.5,True,102,2
IPD,Meta-MAPG+Restarts,18,2.5,True,323,4
IPD,Meta-MAPG+Restarts,19,2.5,False,1000,12
IPD,Meta-MAPG+Restarts,20,2.5,True,305,4
IPD,Meta-MAPG+Restarts,21,2.5,False,1000,13
IPD,Meta-MAPG+Restarts,22,2.5,True,293,5
IPD,Meta-MAPG+Restarts,23,2.5,False,1000,11
IPD,Meta-MAPG+Restarts,24,2.5,False,1000,3
IPD,Meta-MAPG+Restarts,25,2.5,False,1000,7
IPD,Meta-MAPG+Restarts,26,2.5,False,1000,14
IPD,Meta-MAPG+Restarts,27,2.5,False,1000,7
IPD,Meta-MAPG+Restarts,28,2.5,False,1000,4
IPD,Meta-MAPG+Restarts,29,2.5,True,357,6
IPD,Meta-MAPG+Restarts,30,2.5,False,1000,6
IPD,Meta-MAPG+Restarts,31,2.5,False,1000,5
IPD,Meta-MAPG+Restarts,32,2.5,False,1000,2
IPD,Meta-MAPG+Restarts,33,2.5,False,1000,8
IPD,Meta-MAPG+Restarts,34,2.5,True,618,5
IPD,Meta-MAPG+Restarts,35,2.5,False,1000,1
IPD,Meta-MAPG+Restarts,36,2.5,False,1000,12
IPD,Meta-MAPG+Restarts,37,2.5,False,1000,1
IPD,Meta-MAPG+Restarts,38,2.5,False,1000,4
IPD,Meta-MAPG+Restarts,39,2.5,False,1000,6
IPD,Meta-MAPG+Restarts,40,2.5,True,396,5
IPD,Meta-MAPG+Restarts,41,2.5,False,1000,8
IPD,Meta-MAPG+Restarts,42,2.5,False,1000,1
IPD,Meta-MAPG+Restarts,43,2.5,False,1000,3
IPD,Meta-MAPG+Restarts,44,2.5,True,204,4
IPD,Meta-MAPG+Restarts,45,2.5,False,1000,9
IPD,Meta-MAPG+Restarts,46,2.5,False,1000,1
IPD,Meta-MAPG+Restarts,47,2.5,False,1000,15
IPD,Meta-MAPG+Restarts,48,2.5,False,1000,6
IPD,Meta-MAPG+Restarts,49,2.5,True,999,8
IPD,Meta-MAPG+Restarts,50,2.5,True,51,1
IPD,Meta-MAPG+Restarts,51,2.5,False,1000,9
IPD,Meta-MAPG+Restarts,52,2.5,False,1000,13
IPD,Meta-MAPG+Restarts,53,2.5,True,490,7
IPD,Meta-MAPG+Restarts,54,2.5,True,215,4
IPD,Meta-MAPG+Restarts,55,2.5,False,1000,5
IPD,Meta-MAPG+Restarts,56,2.5,False,1000,7
IPD,Meta-MAPG+Restarts,57,2.5,False,1000,13
IPD,Meta-MAPG+Restarts,58,2.5,False,1000,14
IPD,Meta-MAPG+Restarts,59,2.5,False,1000,6
IPD,Meta-MAPG+Restarts,60,2.5,True,414,5
IPD,Meta-MAPG+Restarts,61,2.5,True,227,4
IPD,Meta-MAPG+Restarts,62,2.5,False,1000,7
IPD,Meta-MAPG+Restarts,63,2.5,False,1000,11
IPD,Meta-MAPG+Restarts,64,2.5,False,1000,9
IPD,Meta-MAPG+Restarts,65,2.5,False,1000,12
IPD,Meta-MAPG+Restarts,66,2.5,False,1000,16
IPD,Meta-MAPG+Restarts,67,2.5,False,1000,7
IPD,Meta-MAPG+Restarts,68,2.5,False,1000,4
IPD,Meta-MAPG+Restarts,69,2.5,False,1000,8
IPD,Meta-MAPG+Restarts,70,2.5,False,1000,5
IPD,Meta-MAPG+Restarts,71,2.5,False,1000,6
IPD,Meta-MAPG+Restarts,72,2.5,False,1000,10
IPD,Meta-MAPG+Restarts,73,2.5,False,1000,11
IPD,Meta-MAPG+Restarts,74,2.5,False,1000,8
IPD,Meta-MAPG+Restarts,75,2.5,False,1000,6
IPD,Meta-MAPG+Restarts,76,2.5,False,1000,4
IPD,Meta-MAPG+Restarts,77,2.5,False,1000,13
IPD,Meta-MAPG+Restarts,78,2.5,False,1000,10
IPD,Meta-MAPG+Restarts,79,2.5,False,1000,14
IPD,Meta-MAPG+Restarts,80,2.5,False,1000,9
IPD,Meta-MAPG+Restarts,81,2.5,False,1000,14
IPD,Meta-MAPG+Restarts,82,2.5,False,1000,1
IPD,Meta-MAPG+Restarts,83,2.5,False,1000,4
IPD,Meta-MAPG+Restarts,84,2.5,False,1000,3
IPD,Meta-MAPG+Restarts,85,2.5,False,1000,3
IPD,Meta-MAPG+Restarts,86,2.5,True,518,5
IPD,Meta-MAPG+Restarts,87,2.5,True,102,2
IPD,Meta-MAPG+Restarts,88,2.5,False,1000,4
IPD,Meta-MAPG+Restarts,89,2.5,False,1000,11
IPD,Meta-MAPG+Restarts,90,2.5,False,1000,10
IPD,Meta-MAPG+Restarts,91,2.5,False,1000,5
IPD,Meta-MAPG+Restarts,92,2.5,True,721,7
IPD,Meta-MAPG+Restarts,93,2.5,False,1000,6
IPD,Meta-MAPG+Restarts,94,2.5,False,1000,5
IPD,Meta-MAPG+Restarts,95,2.5,False,1000,8
IPD,Meta-MAPG+Restarts,96,2.5,False,1000,8
IPD,Meta-MAPG+Restarts,97,2.5,True,172,3
IPD,Meta-MAPG+Restarts,98,2.5,True,523,5
IPD,Meta-MAPG+Restarts,99,2.5,False,1000,10
StagHunt,REINFORCE,0,4.0,False,1000,0
StagHunt,REINFORCE,1,4.0,False,1000,0
StagHunt,REINFORCE,2,4.0,False,1000,0
StagHunt,REINFORCE,3,4.0,False,1000,0
StagHunt,REINFORCE,4,4.0,False,1000,0
StagHunt,REINFORCE,5,4.0,False,1000,0
StagHunt,REINFORCE,6,4.0,False,1000,0
StagHunt,REINFORCE,7,4.0,False,1000,0
StagHunt,REINFORCE,8,4.0,False,1000,0
StagHunt,REINFORCE,9,4.0,False,1000,0
StagHunt,REINFORCE,10,4.0,False,1000,0
StagHunt,REINFORCE,11,4.0,False,1000,0
StagHunt,REINFORCE,12,4.0,False,1000,0
StagHunt,REINFORCE,13,4.0,False,1000,0
StagHunt,REINFORCE,14,4.0,False,1000,0
StagHunt,REINFORCE,15,4.0,False,1000,0
StagHunt,REINFORCE,16,4.0,False,1000,0
StagHunt,REINFORCE,17,4.0,False,1000,0
StagHunt,REINFORCE,18,4.0,False,1000,0
StagHunt,REINFORCE,19,4.0,False,1000,0
StagHunt,REINFORCE,20,4.0,False,1000,0
StagHunt,REINFORCE,21,4.0,False,1000,0
StagHunt,REINFORCE,22,4.0,False,1000,0
StagHunt,REINFORCE,23,4.0,False,1000,0
StagHunt,REINFORCE,24,4.0,False,1000,0
StagHunt,REINFORCE,25,4.0,False,1000,0
StagHunt,REINFORCE,26,4.0,False,1000,0
StagHunt,REINFORCE,27,4.0,False,1000,0
StagHunt,REINFORCE,28,4.0,False,1000,0
StagHunt,REINFORCE,29,4.0,False,1000,0
StagHunt,REINFORCE,30,4.0,False,1000,0
StagHunt,REINFORCE,31,4.0,False,1000,0
StagHunt,REINFORCE,32,4.0,False,1000,0
StagHunt,REINFORCE,33,4.0,False,1000,0
StagHunt,REINFORCE,34,4.0,False,1000,0
StagHunt,REINFORCE,35,4.0,False,1000,0
StagHunt,REINFORCE,36,4.0,False,1000,0
StagHunt,REINFORCE,37,4.0,False,1000,0
StagHunt,REINFORCE,38,4.0,False,1000,0
StagHunt,REINFORCE,39,4.0,False,1000,0
StagHunt,REINFORCE,40,4.0,False,1000,0
StagHunt,REINFORCE,41,4.0,False,1000,0
StagHunt,REINFORCE,42,4.0,False,1000,0
StagHunt,REINFORCE,43,4.0,False,1000,0
StagHunt,REINFORCE,44,4.0,False,1000,0
StagHunt,REINFORCE,45,4.0,False,1000,0
StagHunt,REINFORCE,46,4.0,False,1000,0
StagHunt,REINFORCE,47,4.0,False,1000,0
StagHunt,REINFORCE,48,4.0,False,1000,0
StagHunt,REINFORCE,49,4.0,False,1000,0
StagHunt,REINFORCE,50,4.0,False,1000,0
StagHunt,REINFORCE,51,4.0,False,1000,0
StagHunt,REINFORCE,52,4.0,False,1000,0
StagHunt,REINFORCE,53,4.0,False,1000,0
StagHunt,REINFORCE,54,4.0,False,1000,0
StagHunt,REINFORCE,55,4.0,False,1000,0
StagHunt,REINFORCE,56,4.0,False,1000,0
StagHunt,REINFORCE,57,4.0,False,1000,0
StagHunt,REINFORCE,58,4.0,False,1000,0
StagHunt,REINFORCE,59,4.0,False,1000,0
StagHunt,REINFORCE,60,4.0,False,1000,0
StagHunt,REINFORCE,61,4.0,False,1000,0
StagHunt,REINFORCE,62,4.0,False,1000,0
StagHunt,REINFORCE,63,4.0,False,1000,0
StagHunt,REINFORCE,64,4.0,False,1000,0
StagHunt,REINFORCE,65,4.0,False,1000,0
StagHunt,REINFORCE,66,4.0,False,1000,0
StagHunt,REINFORCE,67,4.0,False,1000,0
StagHunt,REINFORCE,68,4.0,False,1000,0
StagHunt,REINFORCE,69,4.0,False,1000,0
StagHunt,REINFORCE,70,4.0,False,1000,0
StagHunt,REINFORCE,71,4.0,False,1000,0
StagHunt,REINFORCE,72,4.0,False,1000,0
StagHunt,REINFORCE,73,4.0,False,1000,0
StagHunt,REINFORCE,74,4.0,False,1000,0
StagHunt,REINFORCE,75,4.0,False,1000,0
StagHunt,REINFORCE,76,4.0,False,1000,0
StagHunt,REINFORCE,77,4.0,False,1000,0
StagHunt,REINFORCE,78,4.0,False,1000,0
StagHunt,REINFORCE,79,4.0,False,1000,0
StagHunt,REINFORCE,80,4.0,False,1000,0
StagHunt,REINFORCE,81,4.0,False,1000,0
StagHunt,REINFORCE,82,4.0,False,1000,0
StagHunt,REINFORCE,83,4.0,False,1000,0
StagHunt,REINFORCE,84,4.0,False,1000,0
StagHunt,REINFORCE,85,4.0,False,1000,0
StagHunt,REINFORCE,86,4.0,False,1000,0
StagHunt,REINFORCE,87,4.0,False,1000,0
StagHunt,REINFORCE,88,4.0,False,1000,0
StagHunt,REINFORCE,89,4.0,False,1000,0
StagHunt,REINFORCE,90,4.0,False,1000,0
StagHunt,REINFORCE,91,4.0,False,1000,0
StagHunt,REINFORCE,92,4.0,False,1000,0
StagHunt,REINFORCE,93,4.0,False,1000,0
StagHunt,REINFORCE,94,4.0,False,1000,0
StagHunt,REINFORCE,95,4.0,False,1000,0
StagHunt,REINFORCE,96,4.0,False,1000,0
StagHunt,REINFORCE,97,4.0,False,1000,0
StagHunt,REINFORCE,98,4.0,False,1000,0
StagHunt,REINFORCE,99,4.0,False,1000,0
StagHunt,Meta-MAPG,0,4.0,False,1000,0
StagHunt,Meta-MAPG,1,4.0,False,1000,0
StagHunt,Meta-MAPG,2,4.0,False,1000,0
StagHunt,Meta-MAPG,3,4.0,False,1000,0
StagHunt,Meta-MAPG,4,4.0,False,1000,0
StagHunt,Meta-MAPG,5,4.0,False,1000,0
StagHunt,Meta-MAPG,6,4.0,False,1000,0
StagHunt,Meta-MAPG,7,4.0,False,1000,0
StagHunt,Meta-MAPG,8,4.0,False,1000,0
StagHunt,Meta-MAPG,9,4.0,False,1000,0
StagHunt,Meta-MAPG,10,4.0,False,1000,0
StagHunt,Meta-MAPG,11,4.0,False,1000,0
StagHunt,Meta-MAPG,12,4.0,False,1000,0
StagHunt,Meta-MAPG,13,4.0,False,1000,0
StagHunt,Meta-MAPG,14,4.0,False,1000,0
StagHunt,Meta-MAPG,15,4.0,False,1000,0
StagHunt,Meta-MAPG,16,4.0,False,1000,0
StagHunt,Meta-MAPG,17,4.0,False,1000,0
StagHunt,Meta-MAPG,18,4.0,False,1000,0
StagHunt,Meta-MAPG,19,4.0,False,1000,0
StagHunt,Meta-MAPG,20,4.0,False,1000,0
StagHunt,Meta-MAPG,21,4.0,False,1000,0
StagHunt,Meta-MAPG,22,4.0,False,1000,0
StagHunt,Meta-MAPG,23,4.0,False,1000,0
StagHunt,Meta-MAPG,24,4.0,False,1000,0
StagHunt,Meta-MAPG,25,4.0,False,1000,0
StagHunt,Meta-MAPG,26,4.0,False,1000,0
StagHunt,Meta-MAPG,27,4.0,False,1000,0
StagHunt,Meta-MAPG,28,4.0,False,1000,0
StagHunt,Meta-MAPG,29,4.0,False,1000,0
StagHunt,Meta-MAPG,30,4.0,False,1000,0
StagHunt,Meta-MAPG,31,4.0,False,1000,0
StagHunt,Meta-MAPG,32,4.0,False,1000,0
StagHunt,Meta-MAPG,33,4.0,False,1000,0
StagHunt,Meta-MAPG,34,4.0,False,1000,0
StagHunt,Meta-MAPG,35,4.0,False,1000,0
StagHunt,Meta-MAPG,36,4.0,False,1000,0
StagHunt,Meta-MAPG,37,4.0,False,1000,0
StagHunt,Meta-MAPG,38,4.0,False,1000,0
StagHunt,Meta-MAPG,39,4.0,False,1000,0
StagHunt,Meta-MAPG,40,4.0,False,1000,0
StagHunt,Meta-MAPG,41,4.0,False,1000,0
StagHunt,Meta-MAPG,42,4.0,False,1000,0
StagHunt,Meta-MAPG,43,4.0,False,1000,0
StagHunt,Meta-MAPG,44,4.0,False,1000,0
StagHunt,Meta-MAPG,45,4.0,False,1000,0
StagHunt,Meta-MAPG,46,4.0,False,1000,0
StagHunt,Meta-MAPG,47,4.0,False,1000,0
StagHunt,Meta-MAPG,48,4.0,False,1000,0
StagHunt,Meta-MAPG,49,4.0,False,1000,0
StagHunt,Meta-MAPG,50,4.0,False,1000,0
StagHunt,Meta-MAPG,51,4.0,False,1000,0
StagHunt,Meta-MAPG,52,4.0,False,1000,0
StagHunt,Meta-MAPG,53,4.0,False,1000,0
StagHunt,Meta-MAPG,54,4.0,False,1000,0
StagHunt,Meta-MAPG,55,4.0,False,1000,0
StagHunt,Meta-MAPG,56,4.0,False,1000,0
StagHunt,Meta-MAPG,57,4.0,False,1000,0
StagHunt,Meta-MAPG,58,4.0,False,1000,0
StagHunt,Meta-MAPG,59,4.0,False,1000,0
StagHunt,Meta-MAPG,60,4.0,False,1000,0
StagHunt,Meta-MAPG,61,4.0,False,1000,0
StagHunt,Meta-MAPG,62,4.0,False,1000,0
StagHunt,Meta-MAPG,63,4.0,False,1000,0
StagHunt,Meta-MAPG,64,4.0,False,1000,0
StagHunt,Meta-MAPG,65,4.0,False,1000,0
StagHunt,Meta-MAPG,66,4.0,False,1000,0
StagHunt,Meta-MAPG,67,4.0,False,1000,0
StagHunt,Meta-MAPG,68,4.0,False,1000,0
StagHunt,Meta-MAPG,69,4.0,False,1000,0
StagHunt,Meta-MAPG,70,4.0,False,1000,0
StagHunt,Meta-MAPG,71,4.0,False,1000,0
StagHunt,Meta-MAPG,72,4.0,False,1000,0
StagHunt,Meta-MAPG,73,4.0,False,1000,0
StagHunt,Meta-MAPG,74,4.0,False,1000,0
StagHunt,Meta-MAPG,75,4.0,False,1000,0
StagHunt,Meta-MAPG,76,4.0,False,1000,0
StagHunt,Meta-MAPG,77,4.0,False,1000,0
StagHunt,Meta-MAPG,78,4.0,False,1000,0
StagHunt,Meta-MAPG,79,4.0,False,1000,0
StagHunt,Meta-MAPG,80,4.0,False,1000,0
StagHunt,Meta-MAPG,81,4.0,False,1000,0
StagHunt,Meta-MAPG,82,4.0,False,1000,0
StagHunt,Meta-MAPG,83,4.0,False,1000,0
StagHunt,Meta-MAPG,84,4.0,False,1000,0
StagHunt,Meta-MAPG,85,4.0,False,1000,0
StagHunt,Meta-MAPG,86,4.0,False,1000,0
StagHunt,Meta-MAPG,87,4.0,False,1000,0
StagHunt,Meta-MAPG,88,4.0,False,1000,0
StagHunt,Meta-MAPG,89,4.0,False,1000,0
StagHunt,Meta-MAPG,90,4.0,False,1000,0
StagHunt,Meta-MAPG,91,4.0,False,1000,0
StagHunt,Meta-MAPG,92,4.0,False,1000,0
StagHunt,Meta-MAPG,93,4.0,False,1000,0
StagHunt,Meta-MAPG,94,4.0,False,1000,0
StagHunt,Meta-MAPG,95,4.0,False,1000,0
StagHunt,Meta-MAPG,96,4.0,False,1000,0
StagHunt,Meta-MAPG,97,4.0,False,1000,0
StagHunt,Meta-MAPG,98,4.0,False,1000,0
StagHunt,Meta-MAPG,99,4.0,False,1000,0
StagHunt,Meta-MAPG+Restarts,0,4.0,True,452,7
StagHunt,Meta-MAPG+Restarts,1,4.0,True,255,5
StagHunt,Meta-MAPG+Restarts,2,4.0,True,227,2
StagHunt,Meta-MAPG+Restarts,3,4.0,False,1000,19
StagHunt,Meta-MAPG+Restarts,4,4.0,False,1000,19
StagHunt,Meta-MAPG+Restarts,5,4.0,True,637,10
StagHunt,Meta-MAPG+Restarts,6,4.0,True,153,3
StagHunt,Meta-MAPG+Restarts,7,4.0,True,313,4
StagHunt,Meta-MAPG+Restarts,8,4.0,True,255,5
StagHunt,Meta-MAPG+Restarts,9,4.0,True,332,4
StagHunt,Meta-MAPG+Restarts,10,4.0,True,721,12
StagHunt,Meta-MAPG+Restarts,11,4.0,True,116,2
StagHunt,Meta-MAPG+Restarts,12,4.0,True,165,1
StagHunt,Meta-MAPG+Restarts,13,4.0,True,202,2
StagHunt,Meta-MAPG+Restarts,14,4.0,True,204,4
StagHunt,Meta-MAPG+Restarts,15,4.0,True,226,3
StagHunt,Meta-MAPG+Restarts,16,4.0,True,646,10
StagHunt,Meta-MAPG+Restarts,17,4.0,True,102,2
StagHunt,Meta-MAPG+Restarts,18,4.0,True,204,4
StagHunt,Meta-MAPG+Restarts,19,4.0,True,358,5
StagHunt,Meta-MAPG+Restarts,20,4.0,True,204,4
StagHunt,Meta-MAPG+Restarts,21,4.0,True,125,1
StagHunt,Meta-MAPG+Restarts,22,4.0,True,255,5
StagHunt,Meta-MAPG+Restarts,23,4.0,True,195,2
StagHunt,Meta-MAPG+Restarts,24,4.0,True,529,8
StagHunt,Meta-MAPG+Restarts,25,4.0,True,134,1
StagHunt,Meta-MAPG+Restarts,26,4.0,True,132,1
StagHunt,Meta-MAPG+Restarts,27,4.0,True,643,11
StagHunt,Meta-MAPG+Restarts,28,4.0,True,298,4
StagHunt,Meta-MAPG+Restarts,29,4.0,True,306,6
StagHunt,Meta-MAPG+Restarts,30,4.0,True,657,11
StagHunt,Meta-MAPG+Restarts,31,4.0,True,369,6
StagHunt,Meta-MAPG+Restarts,32,4.0,True,137,1
StagHunt,Meta-MAPG+Restarts,33,4.0,True,717,12
StagHunt,Meta-MAPG+Restarts,34,4.0,True,255,5
StagHunt,Meta-MAPG+Restarts,35,4.0,True,170,1
StagHunt,Meta-MAPG+Restarts,36,4.0,True,218,2
StagHunt,Meta-MAPG+Restarts,37,4.0,True,111,1
StagHunt,Meta-MAPG+Restarts,38,4.0,True,181,1
StagHunt,Meta-MAPG+Restarts,39,4.0,True,173,1
StagHunt,Meta-MAPG+Restarts,40,4.0,True,127,2
StagHunt,Meta-MAPG+Restarts,41,4.0,True,367,5
StagHunt,Meta-MAPG+Restarts,42,4.0,True,729,12
StagHunt,Meta-MAPG+Restarts,43,4.0,True,246,3
StagHunt,Meta-MAPG+Restarts,44,4.0,True,204,4
StagHunt,Meta-MAPG+Restarts,45,4.0,True,370,5
StagHunt,Meta-MAPG+Restarts,46,4.0,True,201,1
StagHunt,Meta-MAPG+Restarts,47,4.0,True,280,4
StagHunt,Meta-MAPG+Restarts,48,4.0,True,164,1
StagHunt,Meta-MAPG+Restarts,49,4.0,True,408,8
StagHunt,Meta-MAPG+Restarts,50,4.0,True,51,1
StagHunt,Meta-MAPG+Restarts,51,4.0,True,164,1
StagHunt,Meta-MAPG+Restarts,52,4.0,False,1000,19
StagHunt,Meta-MAPG+Restarts,53,4.0,True,351,5
StagHunt,Meta-MAPG+Restarts,54,4.0,True,204,4
StagHunt,Meta-MAPG+Restarts,55,4.0,True,273,3
StagHunt,Meta-MAPG+Restarts,56,4.0,True,216,2
StagHunt,Meta-MAPG+Restarts,57,4.0,True,169,1
StagHunt,Meta-MAPG+Restarts,58,4.0,True,374,6
StagHunt,Meta-MAPG+Restarts,59,4.0,True,913,16
StagHunt,Meta-MAPG+Restarts,60,4.0,True,107,2
StagHunt,Meta-MAPG+Restarts,61,4.0,True,204,4
StagHunt,Meta-MAPG+Restarts,62,4.0,True,380,5
StagHunt,Meta-MAPG+Restarts,63,4.0,True,151,2
StagHunt,Meta-MAPG+Restarts,64,4.0,True,134,1
StagHunt,Meta-MAPG+Restarts,65,4.0,True,669,11
StagHunt,Meta-MAPG+Restarts,66,4.0,True,580,9
StagHunt,Meta-MAPG+Restarts,67,4.0,True,257,4
StagHunt,Meta-MAPG+Restarts,68,4.0,True,150,2
StagHunt,Meta-MAPG+Restarts,69,4.0,True,175,1
StagHunt,Meta-MAPG+Restarts,70,4.0,True,208,2
StagHunt,Meta-MAPG+Restarts,71,4.0,True,178,1
StagHunt,Meta-MAPG+Restarts,72,4.0,True,209,2
StagHunt,Meta-MAPG+Restarts,73,4.0,True,287,5
StagHunt,Meta-MAPG+Restarts,74,4.0,True,225,2
StagHunt,Meta-MAPG+Restarts,75,4.0,True,163,1
StagHunt,Meta-MAPG+Restarts,76,4.0,True,197,2
StagHunt,Meta-MAPG+Restarts,77,4.0,True,150,1
StagHunt,Meta-MAPG+Restarts,78,4.0,True,264,3
StagHunt,Meta-MAPG+Restarts,79,4.0,True,157,1
StagHunt,Meta-MAPG+Restarts,80,4.0,True,605,9
StagHunt,Meta-MAPG+Restarts,81,4.0,True,429,7
StagHunt,Meta-MAPG+Restarts,82,4.0,True,192,1
StagHunt,Meta-MAPG+Restarts,83,4.0,True,317,4
StagHunt,Meta-MAPG+Restarts,84,4.0,True,142,2
StagHunt,Meta-MAPG+Restarts,85,4.0,True,455,7
StagHunt,Meta-MAPG+Restarts,86,4.0,True,170,1
StagHunt,Meta-MAPG+Restarts,87,4.0,True,102,2
StagHunt,Meta-MAPG+Restarts,88,4.0,True,224,2
StagHunt,Meta-MAPG+Restarts,89,4.0,True,269,3
StagHunt,Meta-MAPG+Restarts,90,4.0,True,370,7
StagHunt,Meta-MAPG+Restarts,91,4.0,True,188,1
StagHunt,Meta-MAPG+Restarts,92,4.0,True,338,4
StagHunt,Meta-MAPG+Restarts,93,4.0,True,298,3
StagHunt,Meta-MAPG+Restarts,94,4.0,True,378,5
StagHunt,Meta-MAPG+Restarts,95,4.0,True,543,8
StagHunt,Meta-MAPG+Restarts,96,4.0,True,816,16
StagHunt,Meta-MAPG+Restarts,97,4.0,True,153,3
StagHunt,Meta-MAPG+Restarts,98,4.0,True,176,1
StagHunt,Meta-MAPG+Restarts,99,4.0,True,337,4
